[
{
    "model": "products.product",
    "pk": 1,
    "fields": {
        "title": "iphone 6s",
        "slug": "iphone-6s",
        "description": "iphone 6 GB ram , camera 24mp",
        "price": "70.00",
        "image": "products/iphone.jpg",
        "featured": false,
        "active": true,
        "timestamp": "2020-06-07T08:03:54.155Z"
    }
},
{
    "model": "products.product",
    "pk": 2,
    "fields": {
        "title": "t-shirt",
        "slug": "t-shirt",
        "description": "Yellow tshirt",
        "price": "100.00",
        "image": "products/tshirt.jpg",
        "featured": false,
        "active": true,
        "timestamp": "2020-06-07T08:03:54.155Z"
    }
},
{
    "model": "products.product",
    "pk": 3,
    "fields": {
        "title": "hat",
        "slug": "hat-nv3a",
        "description": "best seller yellow hat",
        "price": "39.99",
        "image": "products/3217437444/3217437444.jpg",
        "featured": false,
        "active": true,
        "timestamp": "2020-06-07T08:03:54.155Z"
    }
},
{
    "model": "products.product",
    "pk": 4,
    "fields": {
        "title": "computer",
        "slug": "computer-iwvw",
        "description": "aleinware",
        "price": "50.00",
        "image": "products/588621735/588621735.jpg",
        "featured": true,
        "active": true,
        "timestamp": "2020-06-07T08:03:54.155Z"
    }
},
{
    "model": "products.product",
    "pk": 5,
    "fields": {
        "title": "glass",
        "slug": "glass",
        "description": "perfect for face",
        "price": "39.99",
        "image": "products/1553223540/1553223540.jpg",
        "featured": false,
        "active": true,
        "timestamp": "2020-06-07T08:03:54.155Z"
    }
},
{
    "model": "products.product",
    "pk": 6,
    "fields": {
        "title": "iphone 11pro",
        "slug": "iphone-11pro",
        "description": "Lorem ipsum dolor sit amet, consectetur adipiscing elit. Quisque vehicula ligula vel tempus malesuada. Vestibulum at commodo leo, molestie semper ex. Aliquam justo nulla, sodales sit amet justo eget, elementum fringilla nisl. Integer justo quam, placerat eget orci quis, commodo ullamcorper neque. Suspendisse potenti. Nam vitae leo a nulla imperdiet cursus quis eget lorem. Cras fermentum diam enim, vel tincidunt felis blandit non. Nullam suscipit nibh vitae augue scelerisque, vitae mollis arcu euismod. Aliquam vel tempor elit. Duis sollicitudin eros eu lectus tempus vulputate. Praesent sed odio accumsan, mattis urna in, interdum ex. Pellentesque convallis, urna sit amet eleifend consequat, dui velit dapibus tortor, quis vestibulum ipsum ipsum vel sem.\r\n\r\nDuis eu leo quis ipsum laoreet sodales et eu lorem. Proin et quam tempus diam sollicitudin lacinia. Quisque tincidunt, erat a aliquet aliquam, orci dui feugiat justo, sit amet fringilla eros sapien ut dolor. Vestibulum pretium fermentum enim non condimentum. Praesent pharetra risus quis ex porttitor maximus. Sed venenatis augue a nunc bibendum, quis facilisis risus varius. Aenean volutpat sollicitudin neque, nec egestas diam gravida ac. Curabitur tempus mauris at ante bibendum, eu hendrerit mauris scelerisque. Curabitur dolor tortor, posuere ac libero a, euismod venenatis eros. Integer faucibus vehicula augue id auctor. Pellentesque elit ex, tempus quis fringilla non, scelerisque at elit. Sed interdum ipsum ut magna euismod, eget feugiat nulla imperdiet. Aenean sollicitudin orci quis velit mollis, non condimentum turpis rhoncus. Vestibulum sed condimentum augue, nec rutrum sem.\r\n\r\nSed vitae hendrerit lorem, ut efficitur dui. Nullam dictum pulvinar vestibulum. Nulla sodales velit a orci vestibulum, tincidunt mattis orci ultrices. Etiam sed posuere magna, eget accumsan mi. Pellentesque vestibulum nunc leo, a pulvinar diam interdum ac. Quisque aliquam laoreet ante sit amet convallis. Quisque lobortis arcu eu porttitor auctor. Praesent eu ante in tortor eleifend mattis. Cras vitae eros gravida, suscipit odio at, imperdiet mi. Pellentesque habitant morbi tristique senectus et netus et malesuada fames ac turpis egestas.\r\n\r\nDuis dignissim nibh sit amet massa luctus, ac vestibulum massa feugiat. Etiam non sapien nec ex fermentum pulvinar a at mi. Integer eu arcu non quam viverra congue. Fusce in metus sed tortor tincidunt dictum. Fusce varius ultricies libero, vitae fermentum eros. Cras nec auctor purus. Class aptent taciti sociosqu ad litora torquent per conubia nostra, per inceptos himenaeos. Vivamus nec tortor massa. Suspendisse aliquet pellentesque justo, id finibus nunc molestie sed. Quisque ullamcorper diam nec augue faucibus feugiat. Cras vestibulum tincidunt augue, nec dignissim quam consectetur sit amet. Donec faucibus lectus non tortor porta commodo. Ut lobortis urna eros, id auctor augue lobortis et.\r\n\r\nCras pretium sed nisl eget blandit. Aenean in quam in libero vestibulum pharetra eu sit amet lectus. Nulla finibus dolor quis ullamcorper cursus. Proin hendrerit nulla eu interdum semper. Duis eget dapibus orci. Sed vel tincidunt purus. Nunc porta ex orci, at convallis magna fermentum nec. Nam sodales, velit vitae cursus sodales, arcu lectus tincidunt lectus, vitae eleifend erat enim ultrices felis. Duis ut nunc id arcu ornare imperdiet id sed dolor. Mauris vel neque urna. Fusce tincidunt, velit id convallis pellentesque, augue neque ullamcorper est, vitae porttitor ligula est a elit. Duis sodales nulla sit amet ipsum suscipit tempor.",
        "price": "50.00",
        "image": "products/2403687023/2403687023.jpg",
        "featured": false,
        "active": true,
        "timestamp": "2020-06-07T08:03:54.155Z"
    }
}
]
